"Form type","Form description","Filing date","Reporting date","Act","Film number(s)","File number(s)","Accession number","Size"
"8-K","Current report ","2026-09-16","2026-09-15","34","261383984","001-10635","0000320187-26-000170","166780"
"8-K","Current report ","2026-09-10","2026-09-08","34","261371353","001-10635","0000320187-26-000143","249008"
"144","Report of proposed sale of securities ","2026-09-09","","33","261367125","001-10635","0001959173-26-006812","4972"
"144","Report of proposed sale of securities ","2026-09-09","","33","261367113","001-10635","0001959173-26-006811","4963"
"144","Report of proposed sale of securities ","2026-09-09","","33","261367094","001-10635","0001959173-26-006810","4990"
"144","Report of proposed sale of securities ","2026-09-09","","33","261367061","001-10635","0001959173-26-006808","5562"
"SCHEDULE 13G"," Schedule filed by certain investors to report beneficial ownership of more than 5% of a class of equity securities","2026-08-12","","34","261269003","005-32889","0001422849-26-000147","7307"
"8-K","Current report ","2026-08-10","2026-08-04","34","261258747","001-10635","0000320187-26-000112","151138"
"144","Report of proposed sale of securities ","2026-08-07","","33","261253419","001-10635","0001959173-26-005752","5337"
"144","Report of proposed sale of securities ","2026-08-05","","33","261241868","001-10635","0001959173-26-005652","4374"
"144","Report of proposed sale of securities ","2026-08-05","","33","261241834","001-10635","0001959173-26-005651","4371"
"144","Report of proposed sale of securities ","2026-08-05","","33","261241829","001-10635","0001959173-26-005650","4971"
"144","Report of proposed sale of securities ","2026-08-05","","33","261241789","001-10635","0001959173-26-005649","4393"
"ARS","Annual Report to Security Holders ","2026-07-22","2026-05-31","34","261193875","001-10635","0001308179-26-000376","18607555"
"DEFA14A","Additional definitive proxy soliciting materials and Rule 14(a)(12) material ","2026-07-15","","34","261177878","001-10635","0000320187-26-000091","955897"
"DEF 14A","Other definitive proxy statements ","2026-07-15","2026-05-31","34","261177862","001-10635","0000320187-26-000089","97863134"
"10-K","Annual report [Section 13 and 15(d), not S-K Item 405] ","2026-07-15","2026-05-31","34","261177839","001-10635","0000320187-26-000088","29122493"
"8-K","Current report ","2026-06-30","2026-06-30","34","261140682","001-10635","0000320187-26-000076","485037"
"8-K","Current report ","2026-06-23","2026-06-16","34","261111343","001-10635","0000320187-26-000070","368711"
"8-K","Current report ","2026-06-18","2026-06-15","34","261103017","001-10635","0000320187-26-000068","165827"
"144","Report of proposed sale of securities ","2026-06-12","","33","261085355","001-10635","0001959173-26-004592","4384"
"SD"," Specialized disclosure","2026-05-29","","34","261045202","001-10635","0000320187-26-000060","159067"
"SCHEDULE 13G"," Schedule filed by certain investors to report beneficial ownership of more than 5% of a class of equity securities","2026-05-12","","34","26966878","005-32889","0000093751-26-000274","8280"
"SCHEDULE 13G"," Schedule filed by certain investors to report beneficial ownership of more than 5% of a class of equity securities","2026-04-30","","34","26921593","005-32889","0002100119-26-000802","7371"
"S-8","Securities to be offered to employees in employee benefit plans ","2026-04-10","","33","26855078","333-294980","0001193125-26-151296","407237"
"10-Q","Quarterly report [Sections 13 or 15(d)] ","2026-04-01","2026-02-28","34","26828453","001-10635","0000320187-26-000037","9703549"
"8-K","Current report ","2026-03-31","2026-03-31","34","26822033","001-10635","0000320187-26-000026","474079"
"SCHEDULE 13G/A"," Schedule filed by certain investors to report beneficial ownership of more than 5% of a class of equity securities - amendment","2026-03-27","","34","26802678","005-32889","0000102909-26-001994","7130"
"8-K","Current report ","2026-03-09","2026-03-06","34","26735524","001-10635","0000320187-26-000020","1115043"
"8-K","Current report ","2026-03-05","2026-02-27","34","26726685","001-10635","0000320187-26-000017","148207"
"144","Report of proposed sale of securities ","2026-02-12","","33","26623848","001-10635","0001959173-26-000897","4375"
"10-Q","Quarterly report [Sections 13 or 15(d)] ","2025-12-30","2025-11-30","34","251614527","001-10635","0000320187-25-000151","9372061"
"8-K","Current report ","2025-12-18","2025-12-18","34","251583268","001-10635","0000320187-25-000138","464301"
"8-K","Current report ","2025-12-02","2025-12-01","34","251543400","001-10635","0000320187-25-000115","182685"
"11-K","Annual report of employee stock purchase, savings and similar plans ","2025-11-21","2025-11-21","34","251507467","001-10635","0000320187-25-000111","2083248"
"144","Report of proposed sale of securities ","2025-11-14","","33","251482057","001-10635","0001959173-25-007000","4963"
"SCHEDULE 13G"," Schedule filed by certain investors to report beneficial ownership of more than 5% of a class of equity securities","2025-11-10","","34","251464611","005-32889","0000093751-25-000620","8193"
"144/A","Report of proposed sale of securities  - amendment","2025-10-06","","33","251376812","001-10635","0001959173-25-006359","5582"
"144","Report of proposed sale of securities ","2025-10-06","","33","251376563","001-10635","0001959173-25-006352","5521"
"144","Report of proposed sale of securities ","2025-10-02","","33","251368056","001-10635","0001959173-25-006283","5434"
"10-Q","Quarterly report [Sections 13 or 15(d)] ","2025-10-01","2025-08-31","34","251365262","001-10635","0000320187-25-000097","6983331"
"8-K","Current report ","2025-09-30","2025-09-30","34","251360643","001-10635","0000320187-25-000091","380219"
"8-K","Current report ","2025-09-11","2025-09-09","34","251308728","001-10635","0000320187-25-000060","451780"
"144","Report of proposed sale of securities ","2025-09-05","","33","251295296","001-10635","0001959173-25-005793","4965"
"144","Report of proposed sale of securities ","2025-08-14","","33","251221312","001-10635","0001959173-25-005190","5606"
"144","Report of proposed sale of securities ","2025-08-13","","33","251210409","001-10635","0001959173-25-005157","4808"
"SCHEDULE 13G"," Schedule filed by certain investors to report beneficial ownership of more than 5% of a class of equity securities","2025-08-11","","34","251200219","005-32889","0000093751-25-000469","8271"
"144","Report of proposed sale of securities ","2025-08-05","","33","251183309","001-10635","0001959173-25-004946","4373"
"8-K","Current report ","2025-07-28","2025-07-28","34","251155851","001-10635","0000320187-25-000053","148464"
"ARS","Annual Report to Security Holders ","2025-07-24","2025-05-31","34","251147064","001-10635","0001308179-25-000564","9253167"
"S-3ASR","Automatic shelf registration statement of securities of well-known seasoned issuers ","2025-07-17","","33","251131346","333-288732","0001193125-25-160601","693102"
"DEFA14A","Additional definitive proxy soliciting materials and Rule 14(a)(12) material ","2025-07-17","","34","251130957","001-10635","0000320187-25-000050","749777"
"DEF 14A","Other definitive proxy statements ","2025-07-17","2025-05-31","34","251130940","001-10635","0000320187-25-000048","99146320"
"10-K","Annual report [Section 13 and 15(d), not S-K Item 405] ","2025-07-17","2025-05-31","34","251130916","001-10635","0000320187-25-000047","28018229"
"144","Report of proposed sale of securities ","2025-07-16","","33","251126672","001-10635","0001959173-25-004598","5011"
"8-K","Current report ","2025-06-26","2025-06-26","34","251080589","001-10635","0000320187-25-000034","523632"
"8-K","Current report ","2025-06-25","2025-06-24","34","251073823","001-10635","0000320187-25-000030","159568"
"8-K","Current report ","2025-06-18","2025-06-13","34","251057303","001-10635","0000320187-25-000026","149266"
"SD"," Specialized disclosure","2025-05-30","","34","251011551","001-10635","0000320187-25-000023","160314"
"144","Report of proposed sale of securities ","2025-05-14","","33","25943192","001-10635","0001959173-25-003160","6074"
"8-K","Current report ","2025-05-05","2025-05-02","34","25913381","001-10635","0000320187-25-000020","182881"
"144","Report of proposed sale of securities ","2025-04-24","","33","25864228","001-10635","0001959173-25-002685","4368"
"10-Q","Quarterly report [Sections 13 or 15(d)] ","2025-04-03","2025-02-28","34","25809833","001-10635","0000320187-25-000016","8994182"
"8-K","Current report ","2025-03-20","2025-03-20","34","25756662","001-10635","0000320187-25-000011","484463"
"8-K","Current report ","2025-03-10","2025-03-07","34","25723912","001-10635","0000320187-25-000008","2156847"
"144","Report of proposed sale of securities ","2025-02-14","","33","25624284","001-10635","0001959173-25-000978","6611"
"144","Report of proposed sale of securities ","2025-02-13","","33","25617679","001-10635","0001959173-25-000927","4381"
"144","Report of proposed sale of securities ","2025-02-11","","33","25609939","001-10635","0001959173-25-000890","5894"
"10-Q","Quarterly report [Sections 13 or 15(d)] ","2025-01-03","2024-11-30","34","25506565","001-10635","0000320187-25-000004","8827835"
"8-K","Current report ","2024-12-19","2024-12-19","34","241563457","001-10635","0000320187-24-000069","473954"
"11-K","Annual report of employee stock purchase, savings and similar plans ","2024-11-22","2024-05-31","34","241485986","001-10635","0001193125-24-263564","140311"
"144","Report of proposed sale of securities ","2024-11-14","","33","241458021","001-10635","0001959173-24-007832","6109"
"10-Q","Quarterly report [Sections 13 or 15(d)] ","2024-10-07","2024-08-31","34","241358089","001-10635","0000320187-24-000065","6744055"
"8-K","Current report ","2024-10-01","2024-10-01","34","241343457","001-10635","0000320187-24-000062","388232"
"8-K","Current report ","2024-09-20","2024-09-18","34","241313619","001-10635","0000320187-24-000058","401475"
"8-K","Current report ","2024-09-19","2024-09-19","34","241310613","001-10635","0000320187-24-000053","190194"
"8-K","Current report ","2024-09-13","2024-09-10","34","241297995","001-10635","0000320187-24-000050","199201"
"PX14A6G","Notice of exempt solicitation submitted by non-management ","2024-09-03","","34","241273103","001-10635","0001214659-24-015840","24224"
"144","Report of proposed sale of securities ","2024-08-14","","33","241205201","001-10635","0001959173-24-005594","7777"
"PX14A6G","Notice of exempt solicitation submitted by non-management ","2024-08-12","","34","241196053","001-10635","0001214659-24-014213","71759"
"PX14A6G","Notice of exempt solicitation submitted by non-management ","2024-08-07","","34","241182811","001-10635","0001214659-24-013976","35095"
"144","Report of proposed sale of securities ","2024-08-07","","33","241182332","001-10635","0001959173-24-005390","4966"
"ARS","Annual Report to Security Holders ","2024-07-31","2024-05-31","34","241162142","001-10635","0001308179-24-000659","6237001"
"DEFA14A","Additional definitive proxy soliciting materials and Rule 14(a)(12) material ","2024-07-25","","34","241142348","001-10635","0000320187-24-000047","860359"
"DEF 14A","Other definitive proxy statements ","2024-07-25","2024-05-31","34","241142318","001-10635","0000320187-24-000045","39988384"
"10-K","Annual report [Section 13 and 15(d), not S-K Item 405] ","2024-07-25","2024-05-31","34","241142280","001-10635","0000320187-24-000044","16260134"
"144","Report of proposed sale of securities ","2024-07-18","","33","241123957","001-10635","0001959173-24-004975","5022"
"8-K","Current report ","2024-06-27","2024-06-27","34","241079494","001-10635","0000320187-24-000028","540145"
"8-K","Current report ","2024-06-05","2024-06-01","34","241022189","001-10635","0000320187-24-000024","157385"
"144","Report of proposed sale of securities ","2024-06-05","","33","241021304","001-10635","0001959173-24-004195","4386"
"SD"," Specialized disclosure","2024-05-31","","34","241009994","001-10635","0000320187-24-000022","160575"
"144","Report of proposed sale of securities ","2024-05-14","","33","24942517","001-10635","0001959173-24-003515","5562"
"144","Report of proposed sale of securities ","2024-05-09","","33","24929193","001-10635","0001959173-24-003370","4385"
"144","Report of proposed sale of securities ","2024-05-07","","33","24920768","001-10635","0001959173-24-003297","4284"
"10-Q","Quarterly report [Sections 13 or 15(d)] ","2024-04-04","2024-02-29","34","24823316","001-10635","0000320187-24-000019","9320381"
"8-K","Current report ","2024-03-21","2024-03-21","34","24771562","001-10635","0000320187-24-000013","485514"
"8-K","Current report ","2024-03-11","2024-03-08","34","24738486","001-10635","0000320187-24-000009","1114419"
"144","Report of proposed sale of securities ","2024-02-14","","33","24633826","001-10635","0001959173-24-000972","4972"
"SC 13G/A","Statement of acquisition of beneficial ownership by individuals  - amendment","2024-02-13","","34","24629060","005-32889","0001104659-24-021564","13067"
"SC 13G/A","Statement of acquisition of beneficial ownership by individuals  - amendment","2024-01-26","","34","24568168","005-32889","0001086364-24-004600","13870"
"10-Q","Quarterly report [Sections 13 or 15(d)] ","2024-01-05","2023-11-30","34","24516488","001-10635","0000320187-24-000004","9141424"
"8-K","Current report ","2023-12-21","2023-12-21","34","231505462","001-10635","0000320187-23-000054","485269"
"144","Report of proposed sale of securities ","2023-12-11","","33","231477366","001-10635","0001959173-23-005324","4306"
"11-K","Annual report of employee stock purchase, savings and similar plans ","2023-11-17","2023-05-31","34","231418962","001-10635","0001193125-23-279803","149377"
"144","Report of proposed sale of securities ","2023-10-16","","33","231326632","001-10635","0001959173-23-004330","6563"
"10-Q","Quarterly report [Sections 13 or 15(d)] ","2023-10-06","2023-08-31","34","231314465","001-10635","0000320187-23-000052","7183521"
"8-K","Current report ","2023-09-28","2023-09-28","34","231289888","001-10635","0000320187-23-000048","382390"
"8-K","Current report ","2023-09-15","2023-09-12","34","231258975","001-10635","0000320187-23-000045","198079"
"PX14A6G","Notice of exempt solicitation submitted by non-management ","2023-08-22","","34","231193589","001-10635","0001096906-23-001662","236373"
"144","Report of proposed sale of securities ","2023-08-08","","33","231149647","001-10635","0001959173-23-003002","4205"
"144","Report of proposed sale of securities ","2023-08-04","","33","231143068","001-10635","0001959173-23-002922","5381"
"144/A","Report of proposed sale of securities  - amendment","2023-08-03","","33","231139008","001-10635","0001959173-23-002866","4538"
"144/A","Report of proposed sale of securities  - amendment","2023-08-03","","33","231139004","001-10635","0001959173-23-002865","5124"
"144","Report of proposed sale of securities ","2023-08-03","","33","231138612","001-10635","0001959173-23-002856","4301"
"144","Report of proposed sale of securities ","2023-08-03","","33","231138605","001-10635","0001959173-23-002855","4888"
"ARS","Annual Report to Security Holders ","2023-07-28","2023-05-31","34","231123230","001-10635","0001308179-23-000929","2039878"
"PX14A6G","Notice of exempt solicitation submitted by non-management ","2023-07-27","","34","231119211","001-10635","0001214659-23-010074","25029"
"S-8","Securities to be offered to employees in employee benefit plans ","2023-07-20","","33","231100485","333-273358","0001193125-23-190552","81729"
"DEFA14A","Additional definitive proxy soliciting materials and Rule 14(a)(12) material ","2023-07-20","","34","231100124","001-10635","0000320187-23-000041","812428"
"DEF 14A","Other definitive proxy statements ","2023-07-20","2023-05-31","34","231100107","001-10635","0000320187-23-000040","41621433"
"10-K","Annual report [Section 13 and 15(d), not S-K Item 405] ","2023-07-20","2023-05-31","34","231100085","001-10635","0000320187-23-000039","16131523"
"144","Report of proposed sale of securities ","2023-07-18","","33","231094104","001-10635","0001959173-23-002491","5317"
"144","Report of proposed sale of securities ","2023-07-18","","33","231093389","001-10635","0001959173-23-002479","4942"
"8-K","Current report ","2023-06-29","2023-06-29","34","231057621","001-10635","0000320187-23-000026","532226"
"144","Report of proposed sale of securities ","2023-06-05","","33","23991536","001-10635","0001959173-23-001530","4297"
"144","Report of proposed sale of securities ","2023-06-05","","33","23991513","001-10635","0001959173-23-001528","4294"
"SD"," Specialized disclosure","2023-05-31","","34","23981212","001-10635","0000320187-23-000023","161043"
"8-K","Current report ","2023-05-24","2023-05-24","34","23955155","001-10635","0000320187-23-000020","196230"
"144","Report of proposed sale of securities ","2023-05-12","","33","23913904","001-10635","0001959173-23-001027","4882"
"8-K","Current report ","2023-05-09","2023-05-04","34","23902302","001-10635","0000320187-23-000016","191320"
"144","Report of proposed sale of securities ","2023-04-17","","33","23823179","001-10635","0001959173-23-000585","4291"
"10-Q","Quarterly report [Sections 13 or 15(d)] ","2023-04-06","2023-02-28","34","23806425","001-10635","0000320187-23-000013","9566904"
"144","Report of proposed sale of securities ","2023-04-06","","33","23804839","001-10635","0001959173-23-000506","4286"
"8-K","Current report ","2023-03-21","2023-03-21","34","23749918","001-10635","0000320187-23-000009","478269"
"8-K","Current report ","2023-03-13","2023-03-10","34","23727536","001-10635","0000320187-23-000006","1176908"
"SC 13G/A","Statement of acquisition of beneficial ownership by individuals  - amendment","2023-02-09","","34","23603848","005-32889","0001104659-23-016576","12982"
"SC 13G/A","Statement of acquisition of beneficial ownership by individuals  - amendment","2023-02-01","","34","23573990","005-32889","0001306550-23-005957","13649"
"10-Q","Quarterly report [Sections 13 or 15(d)] ","2023-01-05","2022-11-30","34","23511513","001-10635","0000320187-23-000003","10333691"
"8-K","Current report ","2022-12-20","2022-12-20","34","221475013","001-10635","0000320187-22-000061","492397"
"11-K","Annual report of employee stock purchase, savings and similar plans ","2022-11-21","2022-05-31","34","221405743","001-10635","0001193125-22-289909","138978"
"10-Q","Quarterly report [Sections 13 or 15(d)] ","2022-10-06","2022-08-31","34","221298365","001-10635","0000320187-22-000058","7899376"
"8-K","Current report ","2022-09-29","2022-09-29","34","221280688","001-10635","0000320187-22-000054","401111"
"8-K","Current report ","2022-09-21","2022-09-20","34","221254760","001-10635","0000320187-22-000049","193955"
"8-K","Current report ","2022-09-14","2022-09-09","34","221243208","001-10635","0000320187-22-000046","264628"
"S-8","Securities to be offered to employees in employee benefit plans ","2022-07-21","","33","221097758","333-266269","0001193125-22-199255","67889"
"S-3ASR","Automatic shelf registration statement of securities of well-known seasoned issuers ","2022-07-21","","33","221097741","333-266267","0001193125-22-199253","2922221"
"DEFA14A","Additional definitive proxy soliciting materials and Rule 14(a)(12) material ","2022-07-21","","34","221097320","001-10635","0000320187-22-000043","782113"
"DEF 14A","Other definitive proxy statements ","2022-07-21","2022-05-31","34","221097306","001-10635","0000320187-22-000041","86786796"
"10-K","Annual report [Section 13 and 15(d), not S-K Item 405] ","2022-07-21","2022-05-31","34","221097125","001-10635","0000320187-22-000038","17968538"
"8-K","Current report ","2022-06-27","2022-06-27","34","221044747","001-10635","0000320187-22-000029","551130"
"8-K","Current report ","2022-06-10","2022-06-06","34","221009110","001-10635","0000320187-22-000025","177816"
"SD"," Specialized disclosure","2022-05-31","","34","22983444","001-10635","0000320187-22-000022","160557"
"8-K","Current report ","2022-05-05","2022-05-02","34","22897478","001-10635","0001628280-22-012729","179978"
"10-Q","Quarterly report [Sections 13 or 15(d)] ","2022-04-05","2022-02-28","34","22807071","001-10635","0000320187-22-000017","10862726"
"8-K","Current report ","2022-03-21","2022-03-21","34","22755920","001-10635","0000320187-22-000014","506709"
"8-K","Current report ","2022-03-14","2022-03-11","34","22736916","001-10635","0000320187-22-000010","2261038"
"SC 13G/A","Statement of acquisition of beneficial ownership by individuals  - amendment","2022-02-10","","34","22610415","005-32889","0001104659-22-018190","12976"
"SC 13G/A","Statement of acquisition of beneficial ownership by individuals  - amendment","2022-02-01","","34","22575760","005-32889","0000834237-22-004019","13731"
"10-Q","Quarterly report [Sections 13 or 15(d)] ","2022-01-06","2021-11-30","34","22515218","001-10635","0000320187-22-000004","10629946"
"8-K","Current report ","2021-12-20","2021-12-20","34","211505454","001-10635","0000320187-21-000055","507566"
"11-K","Annual report of employee stock purchase, savings and similar plans ","2021-11-19","2021-05-31","34","211428860","001-10635","0001193125-21-335253","173159"
"8-K","Current report ","2021-11-01","2021-10-27","34","211368287","001-10635","0000320187-21-000051","179899"
"8-K","Current report ","2021-10-08","2021-10-06","34","211315542","001-10635","0000320187-21-000048","219029"
"10-Q","Quarterly report [Sections 13 or 15(d)] ","2021-10-05","2021-08-31","34","211306621","001-10635","0000320187-21-000045","7977080"
"8-K","Current report ","2021-09-23","2021-09-23","34","211272722","001-10635","0000320187-21-000041","407288"
"PX14A6G","Notice of exempt solicitation submitted by non-management ","2021-08-26","","34","211208051","001-10635","0001214659-21-009003","26973"
"PX14A6G","Notice of exempt solicitation submitted by non-management ","2021-08-24","","34","211198321","001-10635","0001214659-21-008929","81999"
"DEFA14A","Additional definitive proxy soliciting materials and Rule 14(a)(12) material ","2021-08-09","","34","211156778","001-10635","0000320187-21-000037","4249847"
"DEF 14A","Other definitive proxy statements ","2021-08-09","2021-05-31","34","211156712","001-10635","0000320187-21-000035","29576646"
"10-K","Annual report [Section 13 and 15(d), not S-K Item 405] ","2021-07-20","2021-05-31","34","211101286","001-10635","0000320187-21-000028","18131690"
"8-K","Current report ","2021-06-24","2021-06-24","34","211043039","001-10635","0000320187-21-000025","564869"
"8-K","Current report ","2021-06-17","2021-06-16","34","211025111","001-10635","0000320187-21-000020","254501"
"SD"," Specialized disclosure","2021-06-01","","34","21985556","001-10635","0000320187-21-000016","160594"
"10-Q","Quarterly report [Sections 13 or 15(d)] ","2021-04-02","2021-02-28","34","21802040","001-10635","0000320187-21-000012","10985634"
"8-K","Current report ","2021-03-18","2021-03-15","34","21754568","001-10635","0000320187-21-000009","1465368"
"SC 13G/A","Statement of acquisition of beneficial ownership by individuals  - amendment","2021-02-10","","34","21611497","005-32889","0001104659-21-018731","13852"
"SC 13G/A","Statement of acquisition of beneficial ownership by individuals  - amendment","2021-01-29","","34","21572702","005-32889","0000834237-21-004813","13658"
"10-Q","Quarterly report [Sections 13 or 15(d)] ","2021-01-05","2020-11-30","34","21505590","001-10635","0000320187-21-000003","10754231"
"8-K","Current report ","2020-12-18","2020-12-18","34","201400815","001-10635","0000320187-20-000064","498396"
"11-K","Annual report of employee stock purchase, savings and similar plans ","2020-11-20","2020-05-31","34","201332525","001-10635","0001193125-20-299391","185599"
"10-Q","Quarterly report [Sections 13 or 15(d)] ","2020-10-08","2020-08-31","34","201231082","001-10635","0000320187-20-000061","9078425"
"8-K","Current report ","2020-09-22","2020-09-22","34","201189756","001-10635","0000320187-20-000058","494917"
"8-K","Current report ","2020-09-18","2020-09-17","34","201184703","001-10635","0000320187-20-000054","365250"
"DEFA14A","Additional definitive proxy soliciting materials and Rule 14(a)(12) material ","2020-07-24","","34","201047125","001-10635","0000320187-20-000050","437449"
"DEF 14A","Other definitive proxy statements ","2020-07-24","2020-05-31","34","201047112","001-10635","0000320187-20-000049","13702467"
"10-K","Annual report [Section 13 and 15(d), not S-K Item 405] ","2020-07-24","2020-05-31","34","201047033","001-10635","0000320187-20-000047","19747611"
"8-K","Current report ","2020-06-25","2020-06-25","34","20989464","001-10635","0000320187-20-000033","644380"
"8-K","Current report ","2020-06-19","2020-06-17","34","20975841","001-10635","0000320187-20-000029","621431"
"SD"," Specialized disclosure","2020-06-01","","34","20933666","001-10635","0000320187-20-000025","174383"
"8-K","Current report ","2020-05-27","2020-05-26","34","20915446","001-10635","0000320187-20-000022","216610"
"8-K","Current report ","2020-05-14","2020-05-14","34","20878118","001-10635","0000320187-20-000020","220219"
"10-Q","Quarterly report [Sections 13 or 15(d)] ","2020-04-07","2020-02-29","34","20779786","001-10635","0000320187-20-000018","13912201"
"8-K","Current report ","2020-03-27","2020-03-25","34","20752163","001-10635","0001193125-20-088765","518311"
"424B2","Prospectus [Rule 424(b)(2)] ","2020-03-27","","33","20747714","333-232770","0001193125-20-087324","491676"
"FWP","Filing under Securities Act Rules 163/433 of free writing prospectuses ","2020-03-25","","34","20743253","333-232770","0001193125-20-085423","49739"
"424B5","Prospectus [Rule 424(b)(5)] ","2020-03-25","","33","20740153","333-232770","0001193125-20-084395","487784"
"8-K","Current report ","2020-03-25","2020-03-24","34","20740065","001-10635","0001193125-20-084362","532721"
"8-K","Current report ","2020-03-24","2020-03-24","34","20739152","001-10635","0000320187-20-000014","574987"
"8-K","Current report ","2020-02-18","2020-02-12","34","20625567","001-10635","0000320187-20-000008","270170"
"SC 13G/A","Statement of acquisition of beneficial ownership by individuals  - amendment","2020-02-14","","34","20613338","005-32889","0001422849-20-000083","8347"
"SC 13G/A","Statement of acquisition of beneficial ownership by individuals  - amendment","2020-02-12","","34","20600431","005-32889","0001104659-20-018187","13655"
"8-K","Current report ","2020-02-06","2020-02-06","34","20580894","001-10635","0001193125-20-026172","169856"
"SC 13G/A","Statement of acquisition of beneficial ownership by individuals  - amendment","2020-02-05","","34","20577916","005-32889","0000834237-20-006076","13650"
"8-K","Current report ","2020-02-04","2020-02-04","34","20574459","001-10635","0000320187-20-000006","215037"
"10-Q","Quarterly report [Sections 13 or 15(d)] ","2020-01-07","2019-11-30","34","20513363","001-10635","0000320187-20-000004","12423346"
"8-K","Current report ","2019-12-19","2019-12-19","34","191296097","001-10635","0000320187-19-000085","563271"
"11-K","Annual report of employee stock purchase, savings and similar plans ","2019-11-27","2019-05-31","34","191252757","001-10635","0001193125-19-301377","183840"
"8-K","Current report ","2019-11-14","2019-11-14","34","191221478","001-10635","0000320187-19-000080","210497"
"8-K","Current report ","2019-10-22","2019-10-17","34","191161872","001-10635","0000320187-19-000075","768316"
"10-Q","Quarterly report [Sections 13 or 15(d)] ","2019-10-04","2019-08-31","34","191138679","001-10635","0000320187-19-000071","9285071"
"8-K","Current report ","2019-09-24","2019-09-24","34","191111003","001-10635","0000320187-19-000066","271013"
"8-K","Current report ","2019-09-23","2019-09-19","34","191108259","001-10635","0000320187-19-000061","69173"
"8-K","Current report ","2019-08-20","2019-08-16","34","191039715","001-10635","0000320187-19-000057","843820"
"S-3ASR","Automatic shelf registration statement of securities of well-known seasoned issuers ","2019-07-23","","33","19968189","333-232770","0001193125-19-200039","350122"
"DEFA14A","Additional definitive proxy soliciting materials and Rule 14(a)(12) material ","2019-07-23","","34","19968154","001-10635","0000320187-19-000054","191240"
"DEF 14A","Other definitive proxy statements ","2019-07-23","2019-05-31","34","19967996","001-10635","0000320187-19-000053","10320704"
"10-K","Annual report [Section 13 and 15(d), not S-K Item 405] ","2019-07-23","2019-05-31","34","19967964","001-10635","0000320187-19-000051","14926311"
"8-K","Current report ","2019-06-27","2019-06-27","34","19925490","001-10635","0000320187-19-000044","459103"
"SD"," Specialized disclosure","2019-05-31","","34","19870720","001-10635","0000320187-19-000039","174185"
"8-K","Current report ","2019-04-23","2019-04-23","34","19761871","001-10635","0000320187-19-000034","52863"
"10-Q","Quarterly report [Sections 13 or 15(d)] ","2019-04-04","2019-02-28","34","19732321","001-10635","0000320187-19-000030","11462962"
"8-K","Current report ","2019-03-21","2019-03-21","34","19697253","001-10635","0000320187-19-000024","375529"
"SC 13G","Statement of acquisition of beneficial ownership by individuals ","2019-02-14","","34","19599633","005-32889","0001422849-19-000087","8258"
"SC 13G/A","Statement of acquisition of beneficial ownership by individuals  - amendment","2019-02-11","","34","19585215","005-32889","0000932471-19-005612","34058"
"SC 13G/A","Statement of acquisition of beneficial ownership by individuals  - amendment","2019-02-06","","34","19571326","005-32889","0000215457-19-005006","13527"
"10-Q","Quarterly report [Sections 13 or 15(d)] ","2019-01-08","2018-11-30","34","19516058","001-10635","0000320187-19-000007","11441007"
"8-K","Current report ","2018-12-20","2018-12-20","34","181246415","001-10635","0000320187-18-000235","367604"
"11-K","Annual report of employee stock purchase, savings and similar plans ","2018-12-12","2018-05-31","34","181230679","001-10635","0001193125-18-347632","195006"
"NT 11-K","Notification of inability to timely file Form 11-K ","2018-11-27","2018-05-31","34","181203657","001-10635","0001193125-18-335377","20946"
"8-K","Current report ","2018-11-19","2018-11-15","34","181192753","001-10635","0000320187-18-000228","57598"
"10-Q","Quarterly report [Sections 13 or 15(d)] ","2018-10-05","2018-08-31","34","181110810","001-10635","0000320187-18-000213","8467505"
"8-K","Current report ","2018-09-25","2018-09-25","34","181085853","001-10635","0000320187-18-000206","254402"
"8-K","Current report ","2018-09-21","2018-09-21","34","181082100","001-10635","0000320187-18-000178","72911"
"DEFA14A","Additional definitive proxy soliciting materials and Rule 14(a)(12) material ","2018-07-25","","34","18967333","001-10635","0000320187-18-000145","192755"
"DEF 14A","Other definitive proxy statements ","2018-07-25","2018-05-31","34","18967332","001-10635","0000320187-18-000144","4849837"
"10-K","Annual report [Section 13 and 15(d), not S-K Item 405] ","2018-07-25","2018-05-31","34","18967308","001-10635","0000320187-18-000142","14457519"
"8-K","Current report ","2018-07-12","2018-07-12","34","18950860","001-10635","0000320187-18-000072","58013"
"8-K","Current report ","2018-07-03","2018-06-28","34","18936283","001-10635","0000320187-18-000065","140347"
"8-K","Current report ","2018-06-28","2018-06-28","34","18925537","001-10635","0000320187-18-000059","441518"
"SD"," Specialized disclosure","2018-05-31","","34","18871880","001-10635","0000320187-18-000048","170197"
"10-Q","Quarterly report [Sections 13 or 15(d)] ","2018-04-05","2018-02-28","34","18740703","001-10635","0000320187-18-000041","9427984"
"8-K","Current report ","2018-03-27","2018-03-22","34","18715741","001-10635","0000320187-18-000037","129253"
"8-K","Current report ","2018-03-22","2018-03-22","34","18707166","001-10635","0000320187-18-000034","359651"
"8-K","Current report ","2018-03-16","2018-03-15","34","18693678","001-10635","0000320187-18-000026","55032"
"8-K","Current report ","2018-02-21","2018-02-14","34","18628638","001-10635","0000320187-18-000017","58134"
"SC 13G/A","Statement of acquisition of beneficial ownership by individuals  - amendment","2018-02-09","","34","18589543","005-32889","0000932471-18-003842","45116"
"SC 13G/A","Statement of acquisition of beneficial ownership by individuals  - amendment","2018-02-08","","34","18583151","005-32889","0000215457-18-005097","13558"
"10-Q","Quarterly report [Sections 13 or 15(d)] ","2018-01-05","2017-11-30","34","18513536","001-10635","0000320187-18-000007","8628836"
"8-K","Current report ","2017-12-27","2017-12-21","34","171276303","001-10635","0000320187-17-000204","142965"
"8-K","Current report ","2017-12-21","2017-12-21","34","171269627","001-10635","0000320187-17-000202","360157"
"8-K/A","Current report  - amendment","2017-11-22","2017-09-21","34","171220075","001-10635","0000320187-17-000192","33532"
"8-K","Current report ","2017-11-17","2017-11-16","34","171211214","001-10635","0000320187-17-000189","194133"
"11-K","Annual report of employee stock purchase, savings and similar plans ","2017-11-17","2017-05-31","34","171210496","001-10635","0001193125-17-346740","220085"
"10-Q","Quarterly report [Sections 13 or 15(d)] ","2017-10-06","2017-08-31","34","171127413","001-10635","0000320187-17-000184","6927922"
"8-K","Current report ","2017-09-29","2017-09-26","34","171112161","001-10635","0000320187-17-000180","146947"
"8-K","Current report ","2017-09-26","2017-09-26","34","171102351","001-10635","0000320187-17-000176","251069"
"8-K","Current report ","2017-09-25","2017-09-25","34","171100176","001-10635","0000320187-17-000154","683684"
"8-K","Current report ","2017-09-22","2017-09-21","34","171097801","001-10635","0000320187-17-000142","121642"
"DEFA14A","Additional definitive proxy soliciting materials and Rule 14(a)(12) material ","2017-07-25","","34","17981217","001-10635","0000320187-17-000128","197662"
"DEF 14A","Other definitive proxy statements ","2017-07-25","2017-05-31","34","17981213","001-10635","0000320187-17-000127","2024918"
"10-K","Annual report [Section 13 and 15(d), not S-K Item 405] ","2017-07-20","2017-05-31","34","17974568","001-10635","0000320187-17-000090","14463966"
"8-K","Current report ","2017-07-05","2017-06-29","34","17947873","001-10635","0000320187-17-000059","144834"
"8-K","Current report ","2017-06-29","2017-06-29","34","17938570","001-10635","0000320187-17-000056","470084"
"SD"," Specialized disclosure","2017-05-31","","34","17881176","001-10635","0000320187-17-000051","162856"
"8-K","Current report ","2017-04-24","2017-04-20","34","17776952","001-10635","0000320187-17-000043","195335"
"10-Q","Quarterly report [Sections 13 or 15(d)] ","2017-04-04","2017-02-28","34","17738464","001-10635","0000320187-17-000031","9937066"
"8-K","Current report ","2017-03-23","2017-03-21","34","17710279","001-10635","0000320187-17-000022","134928"
"8-K","Current report ","2017-03-21","2017-03-21","34","17704423","001-10635","0000320187-17-000020","381138"
"SC 13G/A","Statement of acquisition of beneficial ownership by individuals  - amendment","2017-02-14","","34","17605041","005-32889","0000315066-17-001887","9199"
"SC 13G/A","Statement of acquisition of beneficial ownership by individuals  - amendment","2017-02-10","","34","17591529","005-32889","0000932471-17-001675","48772"
"SC 13G/A","Statement of acquisition of beneficial ownership by individuals  - amendment","2017-01-25","","34","17547105","005-32889","0000353480-17-001495","13454"
"S-8","Securities to be offered to employees in employee benefit plans ","2017-01-05","","33","17511689","333-215439","0000320187-17-000007","151327"
"10-Q","Quarterly report [Sections 13 or 15(d)] ","2017-01-05","2016-11-30","34","17510985","001-10635","0000320187-17-000003","9868711"
"8-K","Current report ","2016-12-23","2016-12-22","34","162067688","001-10635","0000320187-16-000392","122249"
"8-K","Current report ","2016-12-20","2016-12-20","34","162061582","001-10635","0000320187-16-000390","381835"
"11-K","Annual report of employee stock purchase, savings and similar plans ","2016-11-18","2016-05-31","34","162008455","001-10635","0001193125-16-772397","313873"
"8-K","Current report ","2016-10-21","2016-10-18","34","161946346","001-10635","0001193125-16-743821","268481"
"424B2","Prospectus [Rule 424(b)(2)] ","2016-10-20","","33","161943417","333-212617","0001193125-16-742029","427340"
"FWP","Filing under Securities Act Rules 163/433 of free writing prospectuses ","2016-10-19","","34","161941888","333-212617","0001193125-16-741288","20707"
"424B5","Prospectus [Rule 424(b)(5)] ","2016-10-19","","33","161941882","333-212617","0001193125-16-741286","414341"
"424B5","Prospectus [Rule 424(b)(5)] ","2016-10-18","","33","161939909","333-188072","0001193125-16-740249","414341"
"8-K/A","Current report  - amendment","2016-10-14","2016-09-22","34","161935567","001-10635","0000320187-16-000383","83120"
"10-Q","Quarterly report [Sections 13 or 15(d)] ","2016-10-11","2016-08-31","34","161929566","001-10635","0000320187-16-000381","7456255"
"8-K","Current report ","2016-09-30","2016-09-30","34","161913291","001-10635","0000320187-16-000376","130273"
"8-K","Current report ","2016-09-30","2016-09-22","34","161912681","001-10635","0000320187-16-000374","81940"
"8-K","Current report ","2016-09-27","2016-09-27","34","161904641","001-10635","0000320187-16-000372","274002"
"DEFA14A","Additional definitive proxy soliciting materials and Rule 14(a)(12) material ","2016-07-25","","34","161782344","001-10635","0000320187-16-000340","194924"
"DEF 14A","Other definitive proxy statements ","2016-07-25","2016-09-22","34","161782341","001-10635","0000320187-16-000339","1955673"
"S-3ASR","Automatic shelf registration statement of securities of well-known seasoned issuers ","2016-07-21","","33","161777600","333-212617","0001193125-16-653715","3741598"
"10-K","Annual report [Section 13 and 15(d), not S-K Item 405] ","2016-07-21","2016-05-31","34","161777521","001-10635","0000320187-16-000336","14641297"
"8-K","Current report ","2016-07-05","2016-07-05","34","161750023","001-10635","0000320187-16-000314","137546"
"8-K","Current report ","2016-07-01","2016-07-01","34","161747557","001-10635","0000320187-16-000309","47299"
"SC 13D/A","General statement of acquisition of beneficial ownership  - amendment","2016-07-01","","34","161747539","005-32889","0000897423-16-000091","29798"
"8-K","Current report ","2016-06-28","2016-06-28","34","161736307","001-10635","0000320187-16-000302","482166"
"SD"," Specialized disclosure","2016-05-31","","34","161686235","001-10635","0000320187-16-000294","101312"
"8-K","Current report ","2016-04-22","2016-04-21","34","161584982","001-10635","0000320187-16-000274","33894"
"10-Q","Quarterly report [Sections 13 or 15(d)] ","2016-04-05","2016-02-29","34","161554654","001-10635","0000320187-16-000264","10344327"
"8-K","Current report ","2016-03-25","2016-03-22","34","161529626","001-10635","0000320187-16-000259","140702"
"8-K","Current report ","2016-03-22","2016-03-22","34","161521346","001-10635","0000320187-16-000257","394124"
"SC 13G/A","Statement of acquisition of beneficial ownership by individuals  - amendment","2016-02-12","","34","161415070","005-32889","0000315066-16-005331","9241"
"SC 13G/A","Statement of acquisition of beneficial ownership by individuals  - amendment","2016-02-12","","34","161413221","005-32889","0000320187-16-000254","116394"
"SC 13G/A","Statement of acquisition of beneficial ownership by individuals  - amendment","2016-02-11","","34","161407821","005-32889","0000932471-16-011835","39485"
"SC 13G/A","Statement of acquisition of beneficial ownership by individuals  - amendment","2016-02-10","","34","161403166","005-32889","0000215457-16-005686","13478"
"S-8","Securities to be offered to employees in employee benefit plans ","2016-01-06","","33","161329938","333-208900","0000320187-16-000245","182934"
"10-Q","Quarterly report [Sections 13 or 15(d)] ","2016-01-06","2015-11-30","34","161327705","001-10635","0000320187-16-000242","10676839"
"SC 13D/A","General statement of acquisition of beneficial ownership  - amendment","2015-12-31","","34","151316105","005-32889","0000897423-15-000063","27856"
"8-K","Current report ","2015-12-29","2015-12-22","34","151311232","001-10635","0000320187-15-000231","130487"
"8-K","Current report ","2015-12-22","2015-12-22","34","151302391","001-10635","0000320187-15-000229","345573"
"11-K","Annual report of employee stock purchase, savings and similar plans ","2015-11-23","2015-05-31","34","151248118","001-10635","0001193125-15-383988","447424"
"8-K","Current report ","2015-11-19","2015-11-19","34","151243871","001-10635","0000320187-15-000226","48610"
"8-K","Current report ","2015-10-29","2015-10-26","34","151183764","001-10635","0001193125-15-357983","237383"
"424B2","Prospectus [Rule 424(b)(2)] ","2015-10-27","","33","151177936","333-188072","0001193125-15-354677","519722"
"FWP","Filing under Securities Act Rules 163/433 of free writing prospectuses ","2015-10-26","","34","151175077","333-188072","0001193125-15-353254","15581"
"424B5","Prospectus [Rule 424(b)(5)] ","2015-10-26","","33","151174152","333-188072","0001193125-15-352672","504833"
"10-Q","Quarterly report [Sections 13 or 15(d)] ","2015-10-06","2015-08-31","34","151146355","001-10635","0000320187-15-000208","7907791"
"8-K","Current report ","2015-09-29","2015-09-24","34","151130730","001-10635","0000320187-15-000194","118752"
"8-K","Current report ","2015-09-24","2015-09-24","34","151123275","001-10635","0000320187-15-000188","240159"
"8-K","Current report ","2015-09-23","2015-09-17","34","151120941","001-10635","0000320187-15-000186","204217"